{"cameraMode":{"drawMode":0,"name":"Shaded","section":"Shading Mode"},"sceneLighting":true,"audioPlay":false,"sceneViewState":{"showFog":true,"showMaterialUpdate":false,"showSkybox":true,"showFlares":true,"showImageEffects":true,"showParticleSystems":true},"in2DMode":false,"pivot":{"x":64.25700378417969,"y":0.8829658031463623,"z":6.4441938400268559},"rotation":{"x":-0.2248690128326416,"y":0.004966257140040398,"z":-0.001146927010267973,"w":-0.974381148815155},"size":4.524744987487793,"orthographic":false}